<?xml version="1.0" encoding="UTF-8"?>
<!DOCTYPE fontscolors PUBLIC "-//NetBeans//DTD Editor Fonts and Colors settings 1.1//EN" "http://www.netbeans.org/dtds/EditorFontsColors-1_1.dtd">
<fontscolors>
    <fontcolor foreColor="fffd951e" name="PHP_VARIABLE"/>
    <fontcolor foreColor="ffa6e22e" name="mod-method">
        <font style="bold"/>
    </fontcolor>
    <fontcolor default="uncovered" name="uncovered"/>
    <fontcolor default="identifier" name="PHP_STRING"/>
    <fontcolor bgColor="gray" foreColor="white" name="mark-occurrences"/>
    <fontcolor default="field" foreColor="lightGray" name="mod-field"/>
    <fontcolor foreColor="lightGray" name="heredocdelimiter"/>
    <fontcolor foreColor="gray" name="phpopenclose">
        <font style="bold"/>
    </fontcolor>
    <fontcolor default="covered" name="covered"/>
    <fontcolor foreColor="black" name="PHP_CONTENT"/>
    <fontcolor default="constant" name="constant">
        <font style="italic"/>
    </fontcolor>
    <fontcolor default="keyword" name="keyword"/>
    <fontcolor default="number" foreColor="magenta" name="number"/>
    <fontcolor name="mod-static">
        <font style="italic"/>
    </fontcolor>
    <fontcolor default="partial" name="partial"/>
    <fontcolor default="inferred" name="inferred"/>
    <fontcolor default="operator" foreColor="white" name="operator"/>
    <fontcolor foreColor="black" name="T_INLINE_HTML"/>
    <fontcolor name="mod-class">
        <font style="bold"/>
    </fontcolor>
    <fontcolor name="mod-unused" waveUnderlined="ff999999"/>
    <fontcolor default="comment" foreColor="ff9999ff" name="htmltag">
        <font style="bold"/>
    </fontcolor>
    <fontcolor default="string" name="string"/>
    <fontcolor name="mod-custom1">
        <font style="bold"/>
    </fontcolor>
    <fontcolor default="comment" name="comment"/>
    <fontcolor default="comment" name="phpdockeyword">
        <font style="bold"/>
    </fontcolor>
    <fontcolor default="identifier" foreColor="ff66dbef" name="identifier"/>
    <fontcolor default="separator" foreColor="white" name="separator"/>
</fontscolors>
