<?xml version="1.0" encoding="UTF-8"?>
<!DOCTYPE fontscolors PUBLIC "-//NetBeans//DTD Editor Fonts and Colors settings 1.1//EN" "http://www.netbeans.org/dtds/EditorFontsColors-1_1.dtd">
<fontscolors>
    <fontcolor name="error" underline="ffff3333"/>
    <fontcolor foreColor="ff8aa6c1" name="char"/>
    <fontcolor name="keyword"/>
    <fontcolor name="whitespace"/>
    <fontcolor default="keyword" name="markup-element"/>
    <fontcolor foreColor="ff2aa198" name="number"/>
    <fontcolor foreColor="ffb58900" name="operator"/>
    <fontcolor name="url" underline="ff268bd2"/>
    <fontcolor default="identifier" foreColor="ff2aa198" name="field"/>
    <fontcolor bgColor="ff002b36" foreColor="ffb58900" name="default">
        <font name="Lucida Console" size="12"/>
    </fontcolor>
    <fontcolor foreColor="ffcb4b16" name="string"/>
    <fontcolor default="default" foreColor="magenta" name="entity-reference"/>
    <fontcolor default="string" name="markup-attribute-value"/>
    <fontcolor default="identifier" foreColor="ff00ccff" name="method"/>
    <fontcolor foreColor="ff586e75" name="comment"/>
    <fontcolor foreColor="ff268bd2" name="identifier"/>
    <fontcolor name="warning" waveUnderlined="ffb58900"/>
    <fontcolor foreColor="ffb58900" name="separator"/>
    <fontcolor default="field" foreColor="white" name="markup-attribute"/>
</fontscolors>
