<?xml version="1.0" encoding="UTF-8"?>
<!DOCTYPE fontscolors PUBLIC "-//NetBeans//DTD Editor Fonts and Colors settings 1.1//EN" "http://www.netbeans.org/dtds/EditorFontsColors-1_1.dtd">
<fontscolors>
    <fontcolor bgColor="ff253e5a" foreColor="ff6699ff" name="code-folding"/>
    <fontcolor foreColor="ff99ccff" name="caret-color-insert-mode"/>
    <fontcolor foreColor="ff6b8eb2" name="nbeditor-bracesMatching-sidebar"/>
    <fontcolor bgColor="ffe0e8f1" name="block-search"/>
    <fontcolor foreColor="ff253e5a" name="text-limit-line-color"/>
    <fontcolor bgColor="ffdfdfdf" name="readonly-files"/>
    <fontcolor bgColor="ff0c586b" name="nbeditor-bracesMatching-match-multichar"/>
    <fontcolor foreColor="ff586e75" name="line-number"/>
    <fontcolor bgColor="ff073642" name="highlight-caret-row"/>
    <fontcolor foreColor="blue" name="hyperlinks" underline="blue"/>
    <fontcolor bgColor="red" name="status-bar-bold"/>
    <fontcolor foreColor="black" name="caret-color-overwrite-mode"/>
    <fontcolor bgColor="ff839496" foreColor="ff073642" name="selection"/>
    <fontcolor bgColor="ff121e31" foreColor="ffeee8d5" name="status-bar"/>
    <fontcolor bgColor="ffcb4b16" name="inc-search"/>
    <fontcolor foreColor="ffcc0099" name="synchronized-text-blocks-ext"/>
    <fontcolor foreColor="ff253e5a" name="code-folding-bar"/>
    <fontcolor bgColor="ff0c506b" foreColor="ff002b36" name="highlight-search"/>
    <fontcolor bgColor="ffd83636" name="nbeditor-bracesMatching-mismatch-multichar"/>
    <fontcolor foreColor="ff996600" name="synchronized-text-blocks-ext-slave"/>
    <fontcolor bgColor="darkGray" name="guarded"/>
    <fontcolor bgColor="ffb58900" foreColor="ff073642" name="nbeditor-bracesMatching-match">
        <font style="bold"/>
    </fontcolor>
    <fontcolor bgColor="ffcc6600" foreColor="white" name="nbeditor-bracesMatching-mismatch">
        <font style="bold"/>
    </fontcolor>
</fontscolors>
